activity_edit,RelativeLayout,activity_edit_holder
activity_edit,ImageView,default_image_view
activity_edit,com.theartofdev.edmodo.cropper.CropImageView,crop_image_view
activity_edit,com.simplemobiletools.gallery.pro.views.EditorDrawCanvas,editor_draw_canvas
activity_edit,RelativeLayout,bottom_editor_actions_background
activity_edit,include,bottom_aspect_ratios
activity_edit,include,bottom_editor_filter_actions
activity_edit,include,bottom_editor_crop_rotate_actions
activity_edit,include,bottom_editor_draw_actions
activity_edit,include,bottom_editor_primary_actions
activity_main,androidx.swiperefreshlayout.widget.SwipeRefreshLayout,directories_refresh_layout
activity_main,RelativeLayout,directories_holder
activity_main,com.simplemobiletools.commons.views.MyTextView,directories_empty_text_label
activity_main,com.simplemobiletools.commons.views.MyTextView,directories_empty_text
activity_main,com.simplemobiletools.commons.views.MyRecyclerView,directories_grid
activity_main,com.simplemobiletools.commons.views.FastScroller,directories_vertical_fastscroller
activity_main,com.simplemobiletools.commons.views.FastScroller,directories_horizontal_fastscroller
activity_manage_folders,RelativeLayout,manage_folders_wrapper
activity_manage_folders,com.simplemobiletools.commons.views.MyRecyclerView,manage_folders_list
activity_manage_folders,com.simplemobiletools.commons.views.MyTextView,manage_folders_placeholder
activity_media,androidx.swiperefreshlayout.widget.SwipeRefreshLayout,media_refresh_layout
activity_media,RelativeLayout,media_holder
activity_media,com.simplemobiletools.commons.views.MyTextView,media_empty_text_label
activity_media,com.simplemobiletools.commons.views.MyTextView,media_empty_text
activity_media,com.simplemobiletools.commons.views.MyRecyclerView,media_grid
activity_media,com.simplemobiletools.commons.views.FastScroller,media_vertical_fastscroller
activity_media,com.simplemobiletools.commons.views.FastScroller,media_horizontal_fastscroller
activity_medium,RelativeLayout,fragment_holder
activity_medium,com.simplemobiletools.commons.views.MyViewPager,view_pager
activity_medium,include,bottom_actions
activity_medium,ImageView,top_shadow
activity_panorama_photo,RelativeLayout,panorama_holder
activity_panorama_photo,com.google.vr.sdk.widgets.pano.VrPanoramaView,panorama_view
activity_panorama_photo,ImageView,panorama_gradient_background
activity_panorama_photo,ImageView,cardboard
activity_panorama_photo,ImageView,explore
activity_panorama_video,RelativeLayout,vr_video_holder
activity_panorama_video,com.google.vr.sdk.widgets.video.VrVideoView,vr_video_view
activity_panorama_video,ImageView,explore
activity_panorama_video,ImageView,cardboard
activity_settings,ScrollView,settings_scrollview
activity_settings,LinearLayout,settings_holder
activity_settings,RelativeLayout,settings_customize_colors_holder
activity_settings,RelativeLayout,settings_use_english_holder
activity_settings,RelativeLayout,settings_change_date_time_format_holder
activity_settings,RelativeLayout,settings_file_loading_priority_holder
activity_settings,View,visibility_divider
activity_settings,com.simplemobiletools.commons.views.MyTextView,visibility_label
activity_settings,RelativeLayout,settings_manage_included_folders_holder
activity_settings,RelativeLayout,settings_manage_excluded_folders_holder
activity_settings,RelativeLayout,settings_manage_hidden_folders_holder
activity_settings,RelativeLayout,settings_show_hidden_items_holder
activity_settings,View,videos_divider
activity_settings,com.simplemobiletools.commons.views.MyTextView,videos_label
activity_settings,RelativeLayout,settings_autoplay_videos_holder
activity_settings,RelativeLayout,settings_remember_last_video_position_holder
activity_settings,RelativeLayout,settings_loop_videos_holder
activity_settings,RelativeLayout,settings_open_videos_on_separate_screen_holder
activity_settings,RelativeLayout,settings_allow_video_gestures_holder
activity_settings,View,thumbnails_divider
activity_settings,com.simplemobiletools.commons.views.MyTextView,thumbnails_label
activity_settings,RelativeLayout,settings_animate_gifs_holder
activity_settings,RelativeLayout,settings_crop_thumbnails_holder
activity_settings,RelativeLayout,settings_show_thumbnail_video_duration_holder
activity_settings,RelativeLayout,settings_show_media_count_holder
activity_settings,View,scrolling_divider
activity_settings,com.simplemobiletools.commons.views.MyTextView,scrolling_label
activity_settings,RelativeLayout,settings_show_info_bubble_holder
activity_settings,RelativeLayout,settings_scroll_horizontally_holder
activity_settings,RelativeLayout,settings_enable_pull_to_refresh_holder
activity_settings,View,fullscreen_media_divider
activity_settings,com.simplemobiletools.commons.views.MyTextView,fullscreen_media_label
activity_settings,RelativeLayout,settings_max_brightness_holder
activity_settings,RelativeLayout,settings_black_background_holder
activity_settings,RelativeLayout,settings_hide_system_ui_holder
activity_settings,RelativeLayout,settings_allow_instant_change_holder
activity_settings,RelativeLayout,settings_allow_photo_gestures_holder
activity_settings,RelativeLayout,settings_allow_down_gesture_holder
activity_settings,RelativeLayout,settings_show_notch_holder
activity_settings,RelativeLayout,settings_screen_rotation_holder
activity_settings,View,deep_zoomable_images_divider
activity_settings,com.simplemobiletools.commons.views.MyTextView,deep_zoomable_images_label
activity_settings,RelativeLayout,settings_allow_zooming_images_holder
activity_settings,RelativeLayout,settings_allow_rotating_with_gestures_holder
activity_settings,RelativeLayout,settings_show_highest_quality_holder
activity_settings,RelativeLayout,settings_allow_one_to_one_zoom_holder
activity_settings,View,extended_details_divider
activity_settings,com.simplemobiletools.commons.views.MyTextView,extended_details_label
activity_settings,RelativeLayout,settings_show_extended_details_holder
activity_settings,RelativeLayout,settings_hide_extended_details_holder
activity_settings,RelativeLayout,settings_manage_extended_details_holder
activity_settings,View,security_divider
activity_settings,com.simplemobiletools.commons.views.MyTextView,security_label
activity_settings,RelativeLayout,settings_hidden_item_password_protection_holder
activity_settings,RelativeLayout,settings_app_password_protection_holder
activity_settings,RelativeLayout,settings_file_deletion_password_protection_holder
activity_settings,View,file_operations_divider
activity_settings,com.simplemobiletools.commons.views.MyTextView,file_operations_label
activity_settings,RelativeLayout,settings_delete_empty_folders_holder
activity_settings,RelativeLayout,settings_keep_last_modified_holder
activity_settings,RelativeLayout,settings_skip_delete_confirmation_holder
activity_settings,View,bottom_actions_divider
activity_settings,com.simplemobiletools.commons.views.MyTextView,bottom_actions_label
activity_settings,RelativeLayout,settings_bottom_actions_holder
activity_settings,RelativeLayout,settings_manage_bottom_actions_holder
activity_settings,View,recycle_bin_divider
activity_settings,com.simplemobiletools.commons.views.MyTextView,recycle_bin_label
activity_settings,RelativeLayout,settings_use_recycle_bin_holder
activity_settings,RelativeLayout,settings_show_recycle_bin_holder
activity_settings,RelativeLayout,settings_show_recycle_bin_last_holder
activity_settings,RelativeLayout,settings_empty_recycle_bin_holder
activity_settings,View,migrating_divider
activity_settings,com.simplemobiletools.commons.views.MyTextView,migrating_label
activity_settings,RelativeLayout,settings_export_holder
activity_settings,RelativeLayout,settings_import_holder
activity_settings,com.simplemobiletools.commons.views.MyTextView,settings_customize_colors
activity_settings,com.simplemobiletools.commons.views.MySwitchCompat,settings_use_english
activity_settings,com.simplemobiletools.commons.views.MyTextView,settings_change_date_time_format
activity_settings,com.simplemobiletools.commons.views.MyTextView,settings_file_loading_priority_label
activity_settings,com.simplemobiletools.commons.views.MyTextView,settings_file_loading_priority
activity_settings,com.simplemobiletools.commons.views.MyTextView,settings_manage_included_folders
activity_settings,com.simplemobiletools.commons.views.MyTextView,settings_manage_excluded_folders
activity_settings,com.simplemobiletools.commons.views.MyTextView,settings_manage_hidden_folders
activity_settings,com.simplemobiletools.commons.views.MySwitchCompat,settings_show_hidden_items
activity_settings,com.simplemobiletools.commons.views.MySwitchCompat,settings_autoplay_videos
activity_settings,com.simplemobiletools.commons.views.MySwitchCompat,settings_remember_last_video_position
activity_settings,com.simplemobiletools.commons.views.MySwitchCompat,settings_loop_videos
activity_settings,com.simplemobiletools.commons.views.MySwitchCompat,settings_open_videos_on_separate_screen
activity_settings,com.simplemobiletools.commons.views.MySwitchCompat,settings_allow_video_gestures
activity_settings,com.simplemobiletools.commons.views.MySwitchCompat,settings_animate_gifs
activity_settings,com.simplemobiletools.commons.views.MySwitchCompat,settings_crop_thumbnails
activity_settings,com.simplemobiletools.commons.views.MySwitchCompat,settings_show_thumbnail_video_duration
activity_settings,com.simplemobiletools.commons.views.MySwitchCompat,settings_show_media_count
activity_settings,com.simplemobiletools.commons.views.MySwitchCompat,settings_show_info_bubble
activity_settings,com.simplemobiletools.commons.views.MySwitchCompat,settings_scroll_horizontally
activity_settings,com.simplemobiletools.commons.views.MySwitchCompat,settings_enable_pull_to_refresh
activity_settings,com.simplemobiletools.commons.views.MySwitchCompat,settings_max_brightness
activity_settings,com.simplemobiletools.commons.views.MySwitchCompat,settings_black_background
activity_settings,com.simplemobiletools.commons.views.MySwitchCompat,settings_hide_system_ui
activity_settings,com.simplemobiletools.commons.views.MySwitchCompat,settings_allow_instant_change
activity_settings,com.simplemobiletools.commons.views.MySwitchCompat,settings_allow_photo_gestures
activity_settings,com.simplemobiletools.commons.views.MySwitchCompat,settings_allow_down_gesture
activity_settings,com.simplemobiletools.commons.views.MySwitchCompat,settings_show_notch
activity_settings,com.simplemobiletools.commons.views.MyTextView,settings_screen_rotation_label
activity_settings,com.simplemobiletools.commons.views.MyTextView,settings_screen_rotation
activity_settings,com.simplemobiletools.commons.views.MySwitchCompat,settings_allow_zooming_images
activity_settings,com.simplemobiletools.commons.views.MySwitchCompat,settings_allow_rotating_with_gestures
activity_settings,com.simplemobiletools.commons.views.MySwitchCompat,settings_show_highest_quality
activity_settings,com.simplemobiletools.commons.views.MySwitchCompat,settings_allow_one_to_one_zoom
activity_settings,com.simplemobiletools.commons.views.MySwitchCompat,settings_show_extended_details
activity_settings,com.simplemobiletools.commons.views.MySwitchCompat,settings_hide_extended_details
activity_settings,com.simplemobiletools.commons.views.MyTextView,settings_manage_extended_details
activity_settings,com.simplemobiletools.commons.views.MySwitchCompat,settings_hidden_item_password_protection
activity_settings,com.simplemobiletools.commons.views.MySwitchCompat,settings_app_password_protection
activity_settings,com.simplemobiletools.commons.views.MySwitchCompat,settings_file_deletion_password_protection
activity_settings,com.simplemobiletools.commons.views.MySwitchCompat,settings_delete_empty_folders
activity_settings,com.simplemobiletools.commons.views.MySwitchCompat,settings_keep_last_modified
activity_settings,com.simplemobiletools.commons.views.MySwitchCompat,settings_skip_delete_confirmation
activity_settings,com.simplemobiletools.commons.views.MySwitchCompat,settings_bottom_actions
activity_settings,com.simplemobiletools.commons.views.MyTextView,settings_manage_bottom_actions
activity_settings,com.simplemobiletools.commons.views.MySwitchCompat,settings_use_recycle_bin
activity_settings,com.simplemobiletools.commons.views.MySwitchCompat,settings_show_recycle_bin
activity_settings,com.simplemobiletools.commons.views.MySwitchCompat,settings_show_recycle_bin_last
activity_settings,com.simplemobiletools.commons.views.MyTextView,settings_empty_recycle_bin_label
activity_settings,com.simplemobiletools.commons.views.MyTextView,settings_empty_recycle_bin_size
activity_settings,com.simplemobiletools.commons.views.MyTextView,settings_export
activity_settings,com.simplemobiletools.commons.views.MyTextView,settings_import
activity_set_wallpaper,RelativeLayout,activity_set_wallpaper_holder
activity_set_wallpaper,com.theartofdev.edmodo.cropper.CropImageView,crop_image_view
activity_set_wallpaper,include,bottom_set_wallpaper_actions
activity_video_player,RelativeLayout,video_player_holder
activity_video_player,com.alexvasilkov.gestures.GestureFrameLayout,video_surface_frame
activity_video_player,com.simplemobiletools.gallery.pro.views.MediaSideScroll,video_volume_controller
activity_video_player,com.simplemobiletools.gallery.pro.views.MediaSideScroll,video_brightness_controller
activity_video_player,ImageView,top_shadow
activity_video_player,TextView,video_bottom_gradient
activity_video_player,TextView,slide_info
activity_video_player,TextureView,video_surface
activity_widget_config,RelativeLayout,config_holder
activity_widget_config,RelativeLayout,folder_picker_holder
activity_widget_config,RelativeLayout,config_image_holder
activity_widget_config,ImageView,config_bg_color
activity_widget_config,RelativeLayout,config_bg_seekbar_holder
activity_widget_config,ImageView,config_text_color
activity_widget_config,Button,config_save
activity_widget_config,RelativeLayout,folder_picker_show_folder_name_holder
activity_widget_config,com.simplemobiletools.commons.views.MyTextView,folder_picker_label
activity_widget_config,com.simplemobiletools.commons.views.MyTextView,folder_picker_value
activity_widget_config,com.simplemobiletools.gallery.pro.views.MySquareImageView,config_image
activity_widget_config,com.simplemobiletools.commons.views.MyTextView,config_folder_name
activity_widget_config,SeekBar,config_bg_seekbar
activity_widget_config,com.simplemobiletools.commons.views.MySwitchCompat,folder_picker_show_folder_name
bottom_actions,androidx.constraintlayout.widget.ConstraintLayout,bottom_actions_wrapper
bottom_actions,ImageView,bottom_favorite
bottom_actions,ImageView,bottom_edit
bottom_actions,ImageView,bottom_share
bottom_actions,ImageView,bottom_delete
bottom_actions,ImageView,bottom_rotate
bottom_actions,ImageView,bottom_properties
bottom_actions,ImageView,bottom_change_orientation
bottom_actions,ImageView,bottom_slideshow
bottom_actions,ImageView,bottom_show_on_map
bottom_actions,ImageView,bottom_toggle_file_visibility
bottom_actions,ImageView,bottom_rename
bottom_actions,ImageView,bottom_set_as
bottom_actions,ImageView,bottom_copy
bottom_actions,ImageView,bottom_move
bottom_actions_aspect_ratio,androidx.constraintlayout.widget.ConstraintLayout,bottom_aspect_ratios_wrapper
bottom_actions_aspect_ratio,TextView,bottom_aspect_ratio_free
bottom_actions_aspect_ratio,TextView,bottom_aspect_ratio_one_one
bottom_actions_aspect_ratio,TextView,bottom_aspect_ratio_four_three
bottom_actions_aspect_ratio,TextView,bottom_aspect_ratio_sixteen_nine
bottom_actions_aspect_ratio,TextView,bottom_aspect_ratio_other
bottom_editor_actions_filter,RelativeLayout,bottom_actions_filter_wrapper
bottom_editor_actions_filter,com.simplemobiletools.commons.views.MyRecyclerView,bottom_actions_filter_list
bottom_editor_crop_rotate_actions,androidx.constraintlayout.widget.ConstraintLayout,bottom_editor_actions_wrapper
bottom_editor_crop_rotate_actions,ImageView,bottom_rotate
bottom_editor_crop_rotate_actions,ImageView,bottom_resize
bottom_editor_crop_rotate_actions,ImageView,bottom_aspect_ratio
bottom_editor_crop_rotate_actions,ImageView,bottom_flip_horizontally
bottom_editor_crop_rotate_actions,ImageView,bottom_flip_vertically
bottom_editor_draw_actions,androidx.constraintlayout.widget.ConstraintLayout,bottom_editor_draw_actions_wrapper
bottom_editor_draw_actions,com.simplemobiletools.commons.views.MySeekBar,bottom_draw_width
bottom_editor_draw_actions,ImageView,bottom_draw_color_clickable
bottom_editor_draw_actions,ImageView,bottom_draw_color
bottom_editor_draw_actions,ImageView,bottom_draw_undo
bottom_editor_primary_actions,androidx.constraintlayout.widget.ConstraintLayout,bottom_editor_primary_actions_wrapper
bottom_editor_primary_actions,ImageView,bottom_primary_filter
bottom_editor_primary_actions,ImageView,bottom_primary_crop_rotate
bottom_editor_primary_actions,ImageView,bottom_primary_draw
bottom_set_wallpaper_actions,androidx.constraintlayout.widget.ConstraintLayout,bottom_set_wallpaper_actions_wrapper
bottom_set_wallpaper_actions,ImageView,bottom_set_wallpaper_aspect_ratio
bottom_set_wallpaper_actions,ImageView,bottom_set_wallpaper_rotate
bottom_video_time_holder,RelativeLayout,video_time_holder
bottom_video_time_holder,ImageView,video_prev_file
bottom_video_time_holder,ImageView,video_toggle_play_pause
bottom_video_time_holder,ImageView,video_next_file
bottom_video_time_holder,TextView,video_curr_time
bottom_video_time_holder,com.simplemobiletools.commons.views.MySeekBar,video_seekbar
bottom_video_time_holder,TextView,video_duration
dialog_change_grouping,ScrollView,grouping_dialog_scrollview
dialog_change_grouping,LinearLayout,grouping_dialog_holder
dialog_change_grouping,RadioGroup,grouping_dialog_radio_grouping
dialog_change_grouping,RadioGroup,grouping_dialog_radio_order
dialog_change_grouping,include,use_for_this_folder_divider
dialog_change_grouping,com.simplemobiletools.commons.views.MyAppCompatCheckbox,grouping_dialog_use_for_this_folder
dialog_change_grouping,com.simplemobiletools.commons.views.MyTextView,grouping_dialog_bottom_note
dialog_change_grouping,com.simplemobiletools.commons.views.MyCompatRadioButton,grouping_dialog_radio_none
dialog_change_grouping,com.simplemobiletools.commons.views.MyCompatRadioButton,grouping_dialog_radio_last_modified
dialog_change_grouping,com.simplemobiletools.commons.views.MyCompatRadioButton,grouping_dialog_radio_date_taken
dialog_change_grouping,com.simplemobiletools.commons.views.MyCompatRadioButton,grouping_dialog_radio_file_type
dialog_change_grouping,com.simplemobiletools.commons.views.MyCompatRadioButton,grouping_dialog_radio_extension
dialog_change_grouping,com.simplemobiletools.commons.views.MyCompatRadioButton,grouping_dialog_radio_folder
dialog_change_grouping,com.simplemobiletools.commons.views.MyCompatRadioButton,grouping_dialog_radio_ascending
dialog_change_grouping,com.simplemobiletools.commons.views.MyCompatRadioButton,grouping_dialog_radio_descending
dialog_change_sorting,ScrollView,sorting_dialog_scrollview
dialog_change_sorting,LinearLayout,sorting_dialog_holder
dialog_change_sorting,RadioGroup,sorting_dialog_radio_sorting
dialog_change_sorting,RadioGroup,sorting_dialog_radio_order
dialog_change_sorting,include,use_for_this_folder_divider
dialog_change_sorting,com.simplemobiletools.commons.views.MyAppCompatCheckbox,sorting_dialog_use_for_this_folder
dialog_change_sorting,com.simplemobiletools.commons.views.MyTextView,sorting_dialog_bottom_note
dialog_change_sorting,com.simplemobiletools.commons.views.MyCompatRadioButton,sorting_dialog_radio_name
dialog_change_sorting,com.simplemobiletools.commons.views.MyCompatRadioButton,sorting_dialog_radio_path
dialog_change_sorting,com.simplemobiletools.commons.views.MyCompatRadioButton,sorting_dialog_radio_size
dialog_change_sorting,com.simplemobiletools.commons.views.MyCompatRadioButton,sorting_dialog_radio_last_modified
dialog_change_sorting,com.simplemobiletools.commons.views.MyCompatRadioButton,sorting_dialog_radio_date_taken
dialog_change_sorting,com.simplemobiletools.commons.views.MyCompatRadioButton,sorting_dialog_radio_random
dialog_change_sorting,com.simplemobiletools.commons.views.MyCompatRadioButton,sorting_dialog_radio_ascending
dialog_change_sorting,com.simplemobiletools.commons.views.MyCompatRadioButton,sorting_dialog_radio_descending
dialog_change_view_type,ScrollView,change_view_type_dialog_scrollview
dialog_change_view_type,LinearLayout,change_view_type_dialog_holder
dialog_change_view_type,RadioGroup,change_view_type_dialog_radio
dialog_change_view_type,include,group_direct_subfolders_divider
dialog_change_view_type,com.simplemobiletools.commons.views.MyAppCompatCheckbox,change_view_type_dialog_group_direct_subfolders
dialog_change_view_type,com.simplemobiletools.commons.views.MyAppCompatCheckbox,change_view_type_dialog_use_for_this_folder
dialog_change_view_type,com.simplemobiletools.commons.views.MyCompatRadioButton,change_view_type_dialog_radio_grid
dialog_change_view_type,com.simplemobiletools.commons.views.MyCompatRadioButton,change_view_type_dialog_radio_list
dialog_custom_aspect_ratio,RelativeLayout,aspect_ratio_holder
dialog_custom_aspect_ratio,com.simplemobiletools.commons.views.MyTextView,aspect_ratio_width_label
dialog_custom_aspect_ratio,com.simplemobiletools.commons.views.MyEditText,aspect_ratio_width
dialog_custom_aspect_ratio,com.simplemobiletools.commons.views.MyTextView,aspect_ratio_colon_label
dialog_custom_aspect_ratio,com.simplemobiletools.commons.views.MyTextView,aspect_ratio_height_label
dialog_custom_aspect_ratio,com.simplemobiletools.commons.views.MyEditText,aspect_ratio_height
dialog_delete_with_remember,RelativeLayout,delete_remember_holder
dialog_delete_with_remember,com.simplemobiletools.commons.views.MyTextView,delete_remember_title
dialog_delete_with_remember,com.simplemobiletools.commons.views.MyAppCompatCheckbox,delete_remember_checkbox
dialog_directory_picker,androidx.coordinatorlayout.widget.CoordinatorLayout,directories_holder
dialog_directory_picker,RelativeLayout,directories_grid_holder
dialog_directory_picker,com.simplemobiletools.commons.views.MyFloatingActionButton,directories_show_hidden
dialog_directory_picker,com.simplemobiletools.commons.views.MyRecyclerView,directories_grid
dialog_directory_picker,com.simplemobiletools.commons.views.FastScroller,directories_vertical_fastscroller
dialog_directory_picker,com.simplemobiletools.commons.views.FastScroller,directories_horizontal_fastscroller
dialog_exclude_folder,ScrollView,exclude_folder_scrollview
dialog_exclude_folder,LinearLayout,exclude_folder_holder
dialog_exclude_folder,com.simplemobiletools.commons.views.MyTextView,exclude_folder_description
dialog_exclude_folder,com.simplemobiletools.commons.views.MyTextView,exclude_folder_parent
dialog_exclude_folder,RadioGroup,exclude_folder_radio_group
dialog_filter_media,LinearLayout,filter_media_dialog_holder
dialog_filter_media,com.simplemobiletools.commons.views.MyAppCompatCheckbox,filter_media_images
dialog_filter_media,com.simplemobiletools.commons.views.MyAppCompatCheckbox,filter_media_videos
dialog_filter_media,com.simplemobiletools.commons.views.MyAppCompatCheckbox,filter_media_gifs
dialog_filter_media,com.simplemobiletools.commons.views.MyAppCompatCheckbox,filter_media_raws
dialog_filter_media,com.simplemobiletools.commons.views.MyAppCompatCheckbox,filter_media_svgs
dialog_manage_bottom_actions,ScrollView,manage_bottom_actions_scrollview
dialog_manage_bottom_actions,LinearLayout,manage_bottom_actions_holder
dialog_manage_bottom_actions,com.simplemobiletools.commons.views.MyAppCompatCheckbox,manage_bottom_actions_toggle_favorite
dialog_manage_bottom_actions,com.simplemobiletools.commons.views.MyAppCompatCheckbox,manage_bottom_actions_edit
dialog_manage_bottom_actions,com.simplemobiletools.commons.views.MyAppCompatCheckbox,manage_bottom_actions_share
dialog_manage_bottom_actions,com.simplemobiletools.commons.views.MyAppCompatCheckbox,manage_bottom_actions_delete
dialog_manage_bottom_actions,com.simplemobiletools.commons.views.MyAppCompatCheckbox,manage_bottom_actions_rotate
dialog_manage_bottom_actions,com.simplemobiletools.commons.views.MyAppCompatCheckbox,manage_bottom_actions_properties
dialog_manage_bottom_actions,com.simplemobiletools.commons.views.MyAppCompatCheckbox,manage_bottom_actions_change_orientation
dialog_manage_bottom_actions,com.simplemobiletools.commons.views.MyAppCompatCheckbox,manage_bottom_actions_slideshow
dialog_manage_bottom_actions,com.simplemobiletools.commons.views.MyAppCompatCheckbox,manage_bottom_actions_show_on_map
dialog_manage_bottom_actions,com.simplemobiletools.commons.views.MyAppCompatCheckbox,manage_bottom_actions_toggle_visibility
dialog_manage_bottom_actions,com.simplemobiletools.commons.views.MyAppCompatCheckbox,manage_bottom_actions_rename
dialog_manage_bottom_actions,com.simplemobiletools.commons.views.MyAppCompatCheckbox,manage_bottom_actions_set_as
dialog_manage_bottom_actions,com.simplemobiletools.commons.views.MyAppCompatCheckbox,manage_bottom_actions_copy
dialog_manage_bottom_actions,com.simplemobiletools.commons.views.MyAppCompatCheckbox,manage_bottom_actions_move
dialog_manage_extended_details,ScrollView,manage_extended_details_scrollview
dialog_manage_extended_details,LinearLayout,manage_extended_details_holder
dialog_manage_extended_details,com.simplemobiletools.commons.views.MyAppCompatCheckbox,manage_extended_details_name
dialog_manage_extended_details,com.simplemobiletools.commons.views.MyAppCompatCheckbox,manage_extended_details_path
dialog_manage_extended_details,com.simplemobiletools.commons.views.MyAppCompatCheckbox,manage_extended_details_size
dialog_manage_extended_details,com.simplemobiletools.commons.views.MyAppCompatCheckbox,manage_extended_details_resolution
dialog_manage_extended_details,com.simplemobiletools.commons.views.MyAppCompatCheckbox,manage_extended_details_last_modified
dialog_manage_extended_details,com.simplemobiletools.commons.views.MyAppCompatCheckbox,manage_extended_details_date_taken
dialog_manage_extended_details,com.simplemobiletools.commons.views.MyAppCompatCheckbox,manage_extended_details_camera
dialog_manage_extended_details,com.simplemobiletools.commons.views.MyAppCompatCheckbox,manage_extended_details_exif
dialog_manage_extended_details,ImageView,divider
dialog_manage_extended_details,com.simplemobiletools.commons.views.MyAppCompatCheckbox,manage_extended_details_duration
dialog_manage_extended_details,com.simplemobiletools.commons.views.MyAppCompatCheckbox,manage_extended_details_artist
dialog_manage_extended_details,com.simplemobiletools.commons.views.MyAppCompatCheckbox,manage_extended_details_album
dialog_medium_picker,RelativeLayout,media_grid_holder
dialog_medium_picker,com.simplemobiletools.commons.views.MyRecyclerView,media_grid
dialog_medium_picker,com.simplemobiletools.commons.views.FastScroller,media_vertical_fastscroller
dialog_medium_picker,com.simplemobiletools.commons.views.FastScroller,media_horizontal_fastscroller
dialog_other_aspect_ratio,ScrollView,other_aspect_ratio_dialog_scrollview
dialog_other_aspect_ratio,LinearLayout,other_aspect_ratio_dialog_holder
dialog_other_aspect_ratio,RadioGroup,other_aspect_ratio_dialog_radio_1
dialog_other_aspect_ratio,RadioGroup,other_aspect_ratio_dialog_radio_2
dialog_other_aspect_ratio,com.simplemobiletools.commons.views.MyCompatRadioButton,other_aspect_ratio_2_1
dialog_other_aspect_ratio,com.simplemobiletools.commons.views.MyCompatRadioButton,other_aspect_ratio_3_2
dialog_other_aspect_ratio,com.simplemobiletools.commons.views.MyCompatRadioButton,other_aspect_ratio_4_3
dialog_other_aspect_ratio,com.simplemobiletools.commons.views.MyCompatRadioButton,other_aspect_ratio_5_3
dialog_other_aspect_ratio,com.simplemobiletools.commons.views.MyCompatRadioButton,other_aspect_ratio_16_9
dialog_other_aspect_ratio,com.simplemobiletools.commons.views.MyCompatRadioButton,other_aspect_ratio_19_9
dialog_other_aspect_ratio,com.simplemobiletools.commons.views.MyCompatRadioButton,other_aspect_ratio_custom
dialog_other_aspect_ratio,com.simplemobiletools.commons.views.MyCompatRadioButton,other_aspect_ratio_1_2
dialog_other_aspect_ratio,com.simplemobiletools.commons.views.MyCompatRadioButton,other_aspect_ratio_2_3
dialog_other_aspect_ratio,com.simplemobiletools.commons.views.MyCompatRadioButton,other_aspect_ratio_3_4
dialog_other_aspect_ratio,com.simplemobiletools.commons.views.MyCompatRadioButton,other_aspect_ratio_3_5
dialog_other_aspect_ratio,com.simplemobiletools.commons.views.MyCompatRadioButton,other_aspect_ratio_9_16
dialog_other_aspect_ratio,com.simplemobiletools.commons.views.MyCompatRadioButton,other_aspect_ratio_9_19
dialog_resize_image,RelativeLayout,resize_image_holder
dialog_resize_image,com.simplemobiletools.commons.views.MyTextView,image_width_label
dialog_resize_image,com.simplemobiletools.commons.views.MyEditText,image_width
dialog_resize_image,com.simplemobiletools.commons.views.MyTextView,image_height_label
dialog_resize_image,com.simplemobiletools.commons.views.MyEditText,image_height
dialog_resize_image,com.simplemobiletools.commons.views.MyAppCompatCheckbox,keep_aspect_ratio
dialog_save_as,LinearLayout,save_as_holder
dialog_save_as,com.simplemobiletools.commons.views.MyTextView,save_as_path_label
dialog_save_as,com.simplemobiletools.commons.views.MyTextView,save_as_path
dialog_save_as,com.simplemobiletools.commons.views.MyEditText,save_as_name
dialog_save_as,com.simplemobiletools.commons.views.MyTextView,save_as_extension_label
dialog_save_as,com.simplemobiletools.commons.views.MyEditText,save_as_extension
dialog_slideshow,ScrollView,slideshow_scrollview
dialog_slideshow,RelativeLayout,slideshow_holder
dialog_slideshow,com.simplemobiletools.commons.views.MyTextView,interval_label
dialog_slideshow,com.simplemobiletools.commons.views.MyEditText,interval_value
dialog_slideshow,RelativeLayout,include_videos_holder
dialog_slideshow,RelativeLayout,include_gifs_holder
dialog_slideshow,RelativeLayout,random_order_holder
dialog_slideshow,RelativeLayout,use_fade_holder
dialog_slideshow,RelativeLayout,move_backwards_holder
dialog_slideshow,RelativeLayout,loop_slideshow_holder
dialog_slideshow,com.simplemobiletools.commons.views.MySwitchCompat,include_videos
dialog_slideshow,com.simplemobiletools.commons.views.MySwitchCompat,include_gifs
dialog_slideshow,com.simplemobiletools.commons.views.MySwitchCompat,random_order
dialog_slideshow,com.simplemobiletools.commons.views.MySwitchCompat,use_fade
dialog_slideshow,com.simplemobiletools.commons.views.MySwitchCompat,move_backwards
dialog_slideshow,com.simplemobiletools.commons.views.MySwitchCompat,loop_slideshow
directory_item_grid,RelativeLayout,dir_holder
directory_item_grid,com.simplemobiletools.gallery.pro.views.MySquareImageView,dir_thumbnail
directory_item_grid,ImageView,dir_check
directory_item_grid,ImageView,dir_pin
directory_item_grid,ImageView,dir_shadow_holder
directory_item_grid,LinearLayout,dir_bottom_holder
directory_item_grid,ImageView,dir_location
directory_item_grid,TextView,dir_name
directory_item_grid,TextView,photo_cnt
directory_item_list,RelativeLayout,dir_holder
directory_item_list,com.simplemobiletools.gallery.pro.views.MySquareImageView,dir_thumbnail
directory_item_list,ImageView,dir_check
directory_item_list,TextView,dir_name
directory_item_list,TextView,dir_path
directory_item_list,TextView,photo_cnt
directory_item_list,LinearLayout,dir_icon_holder
directory_item_list,TextView,dir_list_divider
directory_item_list,ImageView,dir_location
directory_item_list,ImageView,dir_pin
editor_filter_item,RelativeLayout,editor_filter_item_holder
editor_filter_item,ImageView,editor_filter_item_thumbnail
editor_filter_item,TextView,editor_filter_item_label
fragment_holder,RelativeLayout,fragment_holder
fragment_holder,FrameLayout,fragment_placeholder
fragment_holder,ImageView,top_shadow
fragment_holder,include,bottom_actions
item_manage_folder,RelativeLayout,manage_folder_holder
item_manage_folder,com.simplemobiletools.commons.views.MyTextView,manage_folder_title
pager_photo_item,RelativeLayout,photo_holder
pager_photo_item,com.alexvasilkov.gestures.GestureImageView,gestures_view
pager_photo_item,com.alexvasilkov.gestures.GestureFrameLayout,gif_view_frame
pager_photo_item,com.davemorrissey.labs.subscaleview.SubsamplingScaleImageView,subsampling_view
pager_photo_item,ImageView,panorama_outline
pager_photo_item,TextView,photo_details
pager_photo_item,com.simplemobiletools.gallery.pro.views.MediaSideScroll,photo_brightness_controller
pager_photo_item,TextView,slide_info
pager_photo_item,com.simplemobiletools.gallery.pro.views.InstantItemSwitch,instant_prev_item
pager_photo_item,com.simplemobiletools.gallery.pro.views.InstantItemSwitch,instant_next_item
pager_photo_item,pl.droidsonroids.gif.GifTextureView,gif_view
pager_video_item,RelativeLayout,video_holder
pager_video_item,ImageView,video_preview
pager_video_item,com.alexvasilkov.gestures.GestureFrameLayout,video_surface_frame
pager_video_item,com.simplemobiletools.gallery.pro.views.MediaSideScroll,video_volume_controller
pager_video_item,com.simplemobiletools.gallery.pro.views.MediaSideScroll,video_brightness_controller
pager_video_item,com.simplemobiletools.gallery.pro.views.InstantItemSwitch,instant_prev_item
pager_video_item,com.simplemobiletools.gallery.pro.views.InstantItemSwitch,instant_next_item
pager_video_item,ImageView,video_play_outline
pager_video_item,ImageView,panorama_outline
pager_video_item,TextView,video_details
pager_video_item,TextView,slide_info
pager_video_item,TextureView,video_surface
photo_video_item_grid,RelativeLayout,media_item_holder
photo_video_item_grid,com.simplemobiletools.gallery.pro.views.MySquareImageView,medium_thumbnail
photo_video_item_grid,ImageView,medium_check
photo_video_item_grid,ImageView,play_outline
photo_video_item_grid,TextView,video_duration
photo_video_item_grid,TextView,medium_name
photo_video_item_list,RelativeLayout,media_item_holder
photo_video_item_list,com.simplemobiletools.gallery.pro.views.MySquareImageView,medium_thumbnail
photo_video_item_list,ImageView,medium_check
photo_video_item_list,TextView,medium_name
photo_video_item_list,ImageView,play_outline
photo_video_item_list,TextView,video_duration
photo_video_item_list,TextView,dir_list_divider
thumbnail_section,com.simplemobiletools.commons.views.MyTextView,thumbnail_section
widget,RelativeLayout,widget_holder
widget,ImageView,widget_imageview
widget,TextView,widget_folder_name
